-- MySQL dump 10.13  Distrib 5.7.12, for Win64 (x86_64)
--
-- Host: localhost    Database: igw
-- ------------------------------------------------------
-- Server version	5.7.17-log

/*!40101 SET @OLD_CHARACTER_SET_CLIENT=@@CHARACTER_SET_CLIENT */;
/*!40101 SET @OLD_CHARACTER_SET_RESULTS=@@CHARACTER_SET_RESULTS */;
/*!40101 SET @OLD_COLLATION_CONNECTION=@@COLLATION_CONNECTION */;
/*!40101 SET NAMES utf8 */;
/*!40103 SET @OLD_TIME_ZONE=@@TIME_ZONE */;
/*!40103 SET TIME_ZONE='+00:00' */;
/*!40014 SET @OLD_UNIQUE_CHECKS=@@UNIQUE_CHECKS, UNIQUE_CHECKS=0 */;
/*!40014 SET @OLD_FOREIGN_KEY_CHECKS=@@FOREIGN_KEY_CHECKS, FOREIGN_KEY_CHECKS=0 */;
/*!40101 SET @OLD_SQL_MODE=@@SQL_MODE, SQL_MODE='NO_AUTO_VALUE_ON_ZERO' */;
/*!40111 SET @OLD_SQL_NOTES=@@SQL_NOTES, SQL_NOTES=0 */;

--
-- Table structure for table `cdl`
--

DROP TABLE IF EXISTS `cdl`;
/*!40101 SET @saved_cs_client     = @@character_set_client */;
/*!40101 SET character_set_client = utf8 */;
CREATE TABLE `cdl` (
  `IDCDL` int(11) NOT NULL AUTO_INCREMENT,
  `Nome_it` varchar(50) NOT NULL,
  `Nome_en` varchar(50) NOT NULL,
  `Anno` year(4) NOT NULL,
  `CFU` int(11) NOT NULL,
  `Magistrale` tinyint(4) NOT NULL DEFAULT '0',
  `Immagine` varchar(100) DEFAULT NULL,
  `Descrizione_it` longtext,
  `Descrizione_en` longtext,
  `Abbr_it` varchar(5) NOT NULL,
  `Abbr_en` varchar(5) NOT NULL,
  PRIMARY KEY (`IDCDL`)
) ENGINE=InnoDB AUTO_INCREMENT=5 DEFAULT CHARSET=utf8;
/*!40101 SET character_set_client = @saved_cs_client */;

--
-- Dumping data for table `cdl`
--

LOCK TABLES `cdl` WRITE;
/*!40000 ALTER TABLE `cdl` DISABLE KEYS */;
INSERT INTO `cdl` VALUES (1,'inf','Computer Science',2017,180,0,'img\\cdl\\Cyber-security-Sicurezza-informatica-2-Imc-e1483610025215.jpg','La Laurea in Informatica (3 anni) si propone di fornire allo studente un’adeguata padronanza di metodi e contenuti scientifici generali finalizzati all’inserimento nel mondo del lavoro nel settore dell’ICT (Tecnologie dell\'Informazione e della Comunicazione). ','Shit','inf','c.s'),(2,'Bio','Bio',2017,180,0,'img\\cdl\\progettazione-di-massima-piana-di-biologia-46609916.jpg','Il Corso di laurea in Scienze biologiche si propone l\'obiettivo di fornire agli studenti una solida conoscenza di base dei principali settori delle scienze biologiche e una buona padronanza delle metodologie e tecnologie inerenti ai relativi campi di indagine scientifica, offrendo una preparazione adeguata alla conoscenza e comprensione dei progressi scientifici e tecnologici relativi alle scienze della vita.','Il Corso di laurea in Scienze biologiche si propone l\'obiettivo di fornire agli studenti una solida conoscenza di base dei principali settori delle scienze biologiche e una buona padronanza delle metodologie e tecnologie inerenti ai relativi campi di indagine scientifica, offrendo una preparazione adeguata alla conoscenza e comprensione dei progressi scientifici e tecnologici relativi alle scienze della vita.','bio','bio'),(3,'Pippo','Pippus',2017,120,1,'img\\art.jpg','ashfjkdsgfjksghfdskjfgssfdgdsgfgdsghdsg','jadsjasjkldadsjklsjkasdjkdsadsajkjkladsjkljld','pippo','pippo'),(4,'Vecchio','Old',2016,180,0,'img\\poetry.jpg','Roba molto vecchia',NULL,'vecch','old');
/*!40000 ALTER TABLE `cdl` ENABLE KEYS */;
UNLOCK TABLES;

--
-- Table structure for table `colleg_corsi`
--

DROP TABLE IF EXISTS `colleg_corsi`;
/*!40101 SET @saved_cs_client     = @@character_set_client */;
/*!40101 SET character_set_client = utf8 */;
CREATE TABLE `colleg_corsi` (
  `This_Corso` int(11) NOT NULL,
  `Other_Corso` int(11) NOT NULL,
  `Tipo` varchar(20) NOT NULL,
  PRIMARY KEY (`This_Corso`,`Other_Corso`),
  KEY `Other_Corso` (`Other_Corso`),
  CONSTRAINT `colleg_corsi_ibfk_1` FOREIGN KEY (`This_Corso`) REFERENCES `corso` (`IDCorso`),
  CONSTRAINT `colleg_corsi_ibfk_2` FOREIGN KEY (`Other_Corso`) REFERENCES `corso` (`IDCorso`)
) ENGINE=InnoDB DEFAULT CHARSET=utf8;
/*!40101 SET character_set_client = @saved_cs_client */;

--
-- Dumping data for table `colleg_corsi`
--

LOCK TABLES `colleg_corsi` WRITE;
/*!40000 ALTER TABLE `colleg_corsi` DISABLE KEYS */;
INSERT INTO `colleg_corsi` VALUES (1,2,'mutuato');
/*!40000 ALTER TABLE `colleg_corsi` ENABLE KEYS */;
UNLOCK TABLES;

--
-- Table structure for table `corsi_cdl`
--

DROP TABLE IF EXISTS `corsi_cdl`;
/*!40101 SET @saved_cs_client     = @@character_set_client */;
/*!40101 SET character_set_client = utf8 */;
CREATE TABLE `corsi_cdl` (
  `Corso` int(11) NOT NULL,
  `CDL` int(11) NOT NULL,
  PRIMARY KEY (`Corso`,`CDL`),
  KEY `CDL` (`CDL`),
  CONSTRAINT `corsi_cdl_ibfk_1` FOREIGN KEY (`Corso`) REFERENCES `corso` (`IDCorso`),
  CONSTRAINT `corsi_cdl_ibfk_2` FOREIGN KEY (`CDL`) REFERENCES `cdl` (`IDCDL`)
) ENGINE=InnoDB DEFAULT CHARSET=utf8;
/*!40101 SET character_set_client = @saved_cs_client */;

--
-- Dumping data for table `corsi_cdl`
--

LOCK TABLES `corsi_cdl` WRITE;
/*!40000 ALTER TABLE `corsi_cdl` DISABLE KEYS */;
INSERT INTO `corsi_cdl` VALUES (1,1),(2,1),(3,2),(1,3);
/*!40000 ALTER TABLE `corsi_cdl` ENABLE KEYS */;
UNLOCK TABLES;

--
-- Table structure for table `corso`
--

DROP TABLE IF EXISTS `corso`;
/*!40101 SET @saved_cs_client     = @@character_set_client */;
/*!40101 SET character_set_client = utf8 */;
CREATE TABLE `corso` (
  `IDCorso` int(11) NOT NULL AUTO_INCREMENT,
  `Nome_it` varchar(50) NOT NULL,
  `Nome_en` varchar(50) NOT NULL,
  `SSD` varchar(10) DEFAULT NULL,
  `Lingua` varchar(20) DEFAULT NULL,
  `Semestre` int(11) DEFAULT NULL,
  `CFU` int(11) DEFAULT NULL,
  `Anno` year(4) NOT NULL,
  `Tipologia` char(1) DEFAULT NULL,
  PRIMARY KEY (`IDCorso`)
) ENGINE=InnoDB AUTO_INCREMENT=4 DEFAULT CHARSET=utf8;
/*!40101 SET character_set_client = @saved_cs_client */;

--
-- Dumping data for table `corso`
--

LOCK TABLES `corso` WRITE;
/*!40000 ALTER TABLE `corso` DISABLE KEYS */;
INSERT INTO `corso` VALUES (1,'igw','igw','skl','ita',2,6,2017,'B'),(2,'aaaaaaaa','aaaaaaaaaaaa','aaaaaaaa','aaaaaa',2,23,2016,'c'),(3,'erbristeria','erboristeriainfsghi','adsd','it',2,30,2017,'A');
/*!40000 ALTER TABLE `corso` ENABLE KEYS */;
UNLOCK TABLES;

--
-- Table structure for table `descrizione_en`
--

DROP TABLE IF EXISTS `descrizione_en`;
/*!40101 SET @saved_cs_client     = @@character_set_client */;
/*!40101 SET character_set_client = utf8 */;
CREATE TABLE `descrizione_en` (
  `Corso` int(11) NOT NULL,
  `Prerequisiti` text NOT NULL,
  `Obiettivi` text NOT NULL,
  `Mod_Esame` text NOT NULL,
  `Mod_Insegnamento` text NOT NULL,
  `Sillabo` text NOT NULL,
  `Note` text,
  `Homepage` text,
  `Forum` text,
  `Risorse_ext` text,
  PRIMARY KEY (`Corso`),
  CONSTRAINT `descrizione_en_ibfk_1` FOREIGN KEY (`Corso`) REFERENCES `corso` (`IDCorso`)
) ENGINE=InnoDB DEFAULT CHARSET=utf8;
/*!40101 SET character_set_client = @saved_cs_client */;

--
-- Dumping data for table `descrizione_en`
--

LOCK TABLES `descrizione_en` WRITE;
/*!40000 ALTER TABLE `descrizione_en` DISABLE KEYS */;
INSERT INTO `descrizione_en` VALUES (1,'aaa','aaa','aaaa','aaa','aaa','aa','aaaaaa',NULL,NULL);
/*!40000 ALTER TABLE `descrizione_en` ENABLE KEYS */;
UNLOCK TABLES;

--
-- Table structure for table `descrizione_it`
--

DROP TABLE IF EXISTS `descrizione_it`;
/*!40101 SET @saved_cs_client     = @@character_set_client */;
/*!40101 SET character_set_client = utf8 */;
CREATE TABLE `descrizione_it` (
  `Corso` int(11) NOT NULL,
  `Prerequisiti` text NOT NULL,
  `Obiettivi` text NOT NULL,
  `Mod_Esame` text NOT NULL,
  `Mod_Insegnamento` text NOT NULL,
  `Sillabo` text NOT NULL,
  `Note` text,
  `Homepage` text,
  `Forum` text,
  `Risorse_ext` text,
  PRIMARY KEY (`Corso`),
  CONSTRAINT `descrizione_it_ibfk_1` FOREIGN KEY (`Corso`) REFERENCES `corso` (`IDCorso`)
) ENGINE=InnoDB DEFAULT CHARSET=utf8;
/*!40101 SET character_set_client = @saved_cs_client */;

--
-- Dumping data for table `descrizione_it`
--

LOCK TABLES `descrizione_it` WRITE;
/*!40000 ALTER TABLE `descrizione_it` DISABLE KEYS */;
INSERT INTO `descrizione_it` VALUES (1,'aaa','aaa','aaaa','aaa','aaa','aa','aaaaaa',NULL,NULL);
/*!40000 ALTER TABLE `descrizione_it` ENABLE KEYS */;
UNLOCK TABLES;

--
-- Table structure for table `docente`
--

DROP TABLE IF EXISTS `docente`;
/*!40101 SET @saved_cs_client     = @@character_set_client */;
/*!40101 SET character_set_client = utf8 */;
CREATE TABLE `docente` (
  `IDDocente` int(11) NOT NULL AUTO_INCREMENT,
  `Immagine` text,
  `Nome` varchar(20) NOT NULL,
  `Cognome` varchar(20) NOT NULL,
  `Email` varchar(50) DEFAULT NULL,
  `Ufficio` varchar(50) DEFAULT NULL,
  `Telefono` varchar(20) DEFAULT NULL,
  `Specializzazione` varchar(50) DEFAULT NULL,
  `Ricerche` text,
  `Pubblicazioni` text,
  `Curriculum` text,
  `Ricevimento` text NOT NULL,
  PRIMARY KEY (`IDDocente`)
) ENGINE=InnoDB AUTO_INCREMENT=3 DEFAULT CHARSET=utf8;
/*!40101 SET character_set_client = @saved_cs_client */;

--
-- Dumping data for table `docente`
--

LOCK TABLES `docente` WRITE;
/*!40000 ALTER TABLE `docente` DISABLE KEYS */;
INSERT INTO `docente` VALUES (1,'img/teacher_2_small.jpg','Giuseppe','Della Penna','dsjfkns@dfdsfks.ds','dsl','441225632','Web Enginereeng','arabo','arabo','curriculum/curriculum1.txt','Lun 8:00'),(2,'img/teacher_2_small.jpg','Bestia','DeSatana','bestiadesatana@fanculo.com','inferno','666666666999999','Dolore','asasddas','adad','C:\\Users\\Chris-PC\\Desktop\\curriculum.txt','Lun 6:66');
/*!40000 ALTER TABLE `docente` ENABLE KEYS */;
UNLOCK TABLES;

--
-- Table structure for table `docenti_corso`
--

DROP TABLE IF EXISTS `docenti_corso`;
/*!40101 SET @saved_cs_client     = @@character_set_client */;
/*!40101 SET character_set_client = utf8 */;
CREATE TABLE `docenti_corso` (
  `Corso` int(11) NOT NULL,
  `Docente` int(11) NOT NULL,
  PRIMARY KEY (`Corso`,`Docente`),
  KEY `Docente` (`Docente`),
  CONSTRAINT `docenti_corso_ibfk_1` FOREIGN KEY (`Corso`) REFERENCES `corso` (`IDCorso`),
  CONSTRAINT `docenti_corso_ibfk_2` FOREIGN KEY (`Docente`) REFERENCES `docente` (`IDDocente`)
) ENGINE=InnoDB DEFAULT CHARSET=utf8;
/*!40101 SET character_set_client = @saved_cs_client */;

--
-- Dumping data for table `docenti_corso`
--

LOCK TABLES `docenti_corso` WRITE;
/*!40000 ALTER TABLE `docenti_corso` DISABLE KEYS */;
INSERT INTO `docenti_corso` VALUES (1,1),(1,2);
/*!40000 ALTER TABLE `docenti_corso` ENABLE KEYS */;
UNLOCK TABLES;

--
-- Table structure for table `dublino_en`
--

DROP TABLE IF EXISTS `dublino_en`;
/*!40101 SET @saved_cs_client     = @@character_set_client */;
/*!40101 SET character_set_client = utf8 */;
CREATE TABLE `dublino_en` (
  `Corso` int(11) NOT NULL,
  `Knowledge` text,
  `Application` text,
  `Evaluation` text,
  `Communication` text,
  `Lifelong` text,
  PRIMARY KEY (`Corso`),
  CONSTRAINT `dublino_en_ibfk_1` FOREIGN KEY (`Corso`) REFERENCES `corso` (`IDCorso`)
) ENGINE=InnoDB DEFAULT CHARSET=utf8;
/*!40101 SET character_set_client = @saved_cs_client */;

--
-- Dumping data for table `dublino_en`
--

LOCK TABLES `dublino_en` WRITE;
/*!40000 ALTER TABLE `dublino_en` DISABLE KEYS */;
INSERT INTO `dublino_en` VALUES (1,'aaaaaaaaaa','aaaaaaaaaaaaa','aaaaaaaaaaa','aaaaaaaaaaaaa','aaaaaaaaaa');
/*!40000 ALTER TABLE `dublino_en` ENABLE KEYS */;
UNLOCK TABLES;

--
-- Table structure for table `dublino_it`
--

DROP TABLE IF EXISTS `dublino_it`;
/*!40101 SET @saved_cs_client     = @@character_set_client */;
/*!40101 SET character_set_client = utf8 */;
CREATE TABLE `dublino_it` (
  `Corso` int(11) NOT NULL,
  `Knowledge` text,
  `Application` text,
  `Evaluation` text,
  `Communication` text,
  `Lifelong` text,
  PRIMARY KEY (`Corso`),
  CONSTRAINT `dublino_it_ibfk_1` FOREIGN KEY (`Corso`) REFERENCES `corso` (`IDCorso`)
) ENGINE=InnoDB DEFAULT CHARSET=utf8;
/*!40101 SET character_set_client = @saved_cs_client */;

--
-- Dumping data for table `dublino_it`
--

LOCK TABLES `dublino_it` WRITE;
/*!40000 ALTER TABLE `dublino_it` DISABLE KEYS */;
INSERT INTO `dublino_it` VALUES (1,'aaaaaaaaaa','aaaaaaaaaaaaa','aaaaaaaaaaa','aaaaaaaaaaaaa','aaaaaaaaaa');
/*!40000 ALTER TABLE `dublino_it` ENABLE KEYS */;
UNLOCK TABLES;

--
-- Table structure for table `group_services`
--

DROP TABLE IF EXISTS `group_services`;
/*!40101 SET @saved_cs_client     = @@character_set_client */;
/*!40101 SET character_set_client = utf8 */;
CREATE TABLE `group_services` (
  `Gruppo` int(11) NOT NULL,
  `Servizio` int(11) NOT NULL,
  PRIMARY KEY (`Gruppo`,`Servizio`),
  KEY `Servizio` (`Servizio`),
  CONSTRAINT `group_services_ibfk_1` FOREIGN KEY (`Gruppo`) REFERENCES `gruppo` (`IDGruppo`),
  CONSTRAINT `group_services_ibfk_2` FOREIGN KEY (`Servizio`) REFERENCES `servizio` (`IDServizio`)
) ENGINE=InnoDB DEFAULT CHARSET=utf8;
/*!40101 SET character_set_client = @saved_cs_client */;

--
-- Dumping data for table `group_services`
--

LOCK TABLES `group_services` WRITE;
/*!40000 ALTER TABLE `group_services` DISABLE KEYS */;
/*!40000 ALTER TABLE `group_services` ENABLE KEYS */;
UNLOCK TABLES;

--
-- Table structure for table `gruppo`
--

DROP TABLE IF EXISTS `gruppo`;
/*!40101 SET @saved_cs_client     = @@character_set_client */;
/*!40101 SET character_set_client = utf8 */;
CREATE TABLE `gruppo` (
  `IDGruppo` int(11) NOT NULL AUTO_INCREMENT,
  `Nome` varchar(20) DEFAULT NULL,
  PRIMARY KEY (`IDGruppo`)
) ENGINE=InnoDB DEFAULT CHARSET=utf8;
/*!40101 SET character_set_client = @saved_cs_client */;

--
-- Dumping data for table `gruppo`
--

LOCK TABLES `gruppo` WRITE;
/*!40000 ALTER TABLE `gruppo` DISABLE KEYS */;
/*!40000 ALTER TABLE `gruppo` ENABLE KEYS */;
UNLOCK TABLES;

--
-- Table structure for table `libri_corso`
--

DROP TABLE IF EXISTS `libri_corso`;
/*!40101 SET @saved_cs_client     = @@character_set_client */;
/*!40101 SET character_set_client = utf8 */;
CREATE TABLE `libri_corso` (
  `Corso` int(11) NOT NULL,
  `Libro` int(11) NOT NULL,
  PRIMARY KEY (`Corso`,`Libro`),
  KEY `Libro` (`Libro`),
  CONSTRAINT `libri_corso_ibfk_1` FOREIGN KEY (`Corso`) REFERENCES `corso` (`IDCorso`),
  CONSTRAINT `libri_corso_ibfk_2` FOREIGN KEY (`Libro`) REFERENCES `libro` (`IDLibro`)
) ENGINE=InnoDB DEFAULT CHARSET=utf8;
/*!40101 SET character_set_client = @saved_cs_client */;

--
-- Dumping data for table `libri_corso`
--

LOCK TABLES `libri_corso` WRITE;
/*!40000 ALTER TABLE `libri_corso` DISABLE KEYS */;
INSERT INTO `libri_corso` VALUES (1,1);
/*!40000 ALTER TABLE `libri_corso` ENABLE KEYS */;
UNLOCK TABLES;

--
-- Table structure for table `libro`
--

DROP TABLE IF EXISTS `libro`;
/*!40101 SET @saved_cs_client     = @@character_set_client */;
/*!40101 SET character_set_client = utf8 */;
CREATE TABLE `libro` (
  `IDLibro` int(11) NOT NULL AUTO_INCREMENT,
  `Autore` varchar(20) NOT NULL,
  `Titolo` varchar(50) NOT NULL,
  `Volume` int(11) DEFAULT NULL,
  `Anno` year(4) NOT NULL,
  `Editore` varchar(50) DEFAULT NULL,
  `Link` text,
  PRIMARY KEY (`IDLibro`)
) ENGINE=InnoDB AUTO_INCREMENT=2 DEFAULT CHARSET=utf8;
/*!40101 SET character_set_client = @saved_cs_client */;

--
-- Dumping data for table `libro`
--

LOCK TABLES `libro` WRITE;
/*!40000 ALTER TABLE `libro` DISABLE KEYS */;
INSERT INTO `libro` VALUES (1,'Bestiaccia','Ingegneria',1,2010,'Satana','ndfsknf');
/*!40000 ALTER TABLE `libro` ENABLE KEYS */;
UNLOCK TABLES;

--
-- Table structure for table `log`
--

DROP TABLE IF EXISTS `log`;
/*!40101 SET @saved_cs_client     = @@character_set_client */;
/*!40101 SET character_set_client = utf8 */;
CREATE TABLE `log` (
  `IDLog` int(11) NOT NULL AUTO_INCREMENT,
  `Utente` int(11) NOT NULL,
  `Data` date NOT NULL,
  `Descrizione` text,
  PRIMARY KEY (`IDLog`),
  KEY `Utente` (`Utente`),
  CONSTRAINT `log_ibfk_1` FOREIGN KEY (`Utente`) REFERENCES `utente` (`IDUtente`)
) ENGINE=InnoDB DEFAULT CHARSET=utf8;
/*!40101 SET character_set_client = @saved_cs_client */;

--
-- Dumping data for table `log`
--

LOCK TABLES `log` WRITE;
/*!40000 ALTER TABLE `log` DISABLE KEYS */;
/*!40000 ALTER TABLE `log` ENABLE KEYS */;
UNLOCK TABLES;

--
-- Table structure for table `materiale`
--

DROP TABLE IF EXISTS `materiale`;
/*!40101 SET @saved_cs_client     = @@character_set_client */;
/*!40101 SET character_set_client = utf8 */;
CREATE TABLE `materiale` (
  `IDMateriale` int(11) NOT NULL AUTO_INCREMENT,
  `Corso` int(11) DEFAULT NULL,
  `Nome` varchar(20) NOT NULL,
  `Link` text NOT NULL,
  `Descrizione_it` varchar(50) DEFAULT NULL,
  `Descrizione_en` varchar(50) DEFAULT NULL,
  PRIMARY KEY (`IDMateriale`),
  KEY `Corso` (`Corso`),
  CONSTRAINT `materiale_ibfk_1` FOREIGN KEY (`Corso`) REFERENCES `corso` (`IDCorso`)
) ENGINE=InnoDB AUTO_INCREMENT=3 DEFAULT CHARSET=utf8;
/*!40101 SET character_set_client = @saved_cs_client */;

--
-- Dumping data for table `materiale`
--

LOCK TABLES `materiale` WRITE;
/*!40000 ALTER TABLE `materiale` DISABLE KEYS */;
INSERT INTO `materiale` VALUES (1,1,'Roba','img/art.jpg','aaaaaaaaaaaaaaaaaaaaaaaaaaaaaaaaaaaaaaaaaaaaaaaaaa','Roba roba roba tanta tanta '),(2,1,'Immagine','img/baby_groot-2560x1440.jpg','Bella Immagine','Nice Image');
/*!40000 ALTER TABLE `materiale` ENABLE KEYS */;
UNLOCK TABLES;

--
-- Table structure for table `servizio`
--

DROP TABLE IF EXISTS `servizio`;
/*!40101 SET @saved_cs_client     = @@character_set_client */;
/*!40101 SET character_set_client = utf8 */;
CREATE TABLE `servizio` (
  `IDServizio` int(11) NOT NULL AUTO_INCREMENT,
  `Script` varchar(50) NOT NULL,
  `Descrizione` text,
  PRIMARY KEY (`IDServizio`)
) ENGINE=InnoDB DEFAULT CHARSET=utf8;
/*!40101 SET character_set_client = @saved_cs_client */;

--
-- Dumping data for table `servizio`
--

LOCK TABLES `servizio` WRITE;
/*!40000 ALTER TABLE `servizio` DISABLE KEYS */;
/*!40000 ALTER TABLE `servizio` ENABLE KEYS */;
UNLOCK TABLES;

--
-- Table structure for table `utente`
--

DROP TABLE IF EXISTS `utente`;
/*!40101 SET @saved_cs_client     = @@character_set_client */;
/*!40101 SET character_set_client = utf8 */;
CREATE TABLE `utente` (
  `IDUtente` int(11) NOT NULL AUTO_INCREMENT,
  `Username` varchar(20) NOT NULL,
  `Password` varchar(20) NOT NULL,
  `Docente` int(11) DEFAULT NULL,
  `Gruppo` int(11) DEFAULT NULL,
  PRIMARY KEY (`IDUtente`),
  KEY `utente_ibfk_2` (`Docente`),
  KEY `Gruppo` (`Gruppo`),
  CONSTRAINT `utente_ibfk_1` FOREIGN KEY (`Gruppo`) REFERENCES `gruppo` (`IDGruppo`),
  CONSTRAINT `utente_ibfk_2` FOREIGN KEY (`Docente`) REFERENCES `docente` (`IDDocente`)
) ENGINE=InnoDB AUTO_INCREMENT=2 DEFAULT CHARSET=utf8;
/*!40101 SET character_set_client = @saved_cs_client */;

--
-- Dumping data for table `utente`
--

LOCK TABLES `utente` WRITE;
/*!40000 ALTER TABLE `utente` DISABLE KEYS */;
INSERT INTO `utente` VALUES (1,'admin','password',NULL,NULL);
/*!40000 ALTER TABLE `utente` ENABLE KEYS */;
UNLOCK TABLES;
/*!40103 SET TIME_ZONE=@OLD_TIME_ZONE */;

/*!40101 SET SQL_MODE=@OLD_SQL_MODE */;
/*!40014 SET FOREIGN_KEY_CHECKS=@OLD_FOREIGN_KEY_CHECKS */;
/*!40014 SET UNIQUE_CHECKS=@OLD_UNIQUE_CHECKS */;
/*!40101 SET CHARACTER_SET_CLIENT=@OLD_CHARACTER_SET_CLIENT */;
/*!40101 SET CHARACTER_SET_RESULTS=@OLD_CHARACTER_SET_RESULTS */;
/*!40101 SET COLLATION_CONNECTION=@OLD_COLLATION_CONNECTION */;
/*!40111 SET SQL_NOTES=@OLD_SQL_NOTES */;

-- Dump completed on 2018-01-25 15:16:47
